metric,mean,median,std
z_RSI,0.13661865375618315,-0.4254783205647505,1.2290889374542253
z_range,-0.15671637703492577,-0.04032384031134487,1.4756393817814477
z_smooth,-0.8558477443385029,-0.20665036524494265,3.0604329355794158
z_anisotropy,-0.18152826006022085,-0.1934623421566204,0.9126878971827677
z_variance,-0.6341387200007464,-0.41937774183875165,2.090764244363027
